{
	"info": {
		"_postman_id": "a407b3f1-ac9f-4c08-8668-db173b11ff90",
		"name": "app.mebel.kz",
		"description": "Automation of production processes\n\nAPP",
		"schema": "https://schema.getpostman.com/json/collection/v2.1.0/collection.json",
		"_exporter_id": "25748064"
	},
	"item": [
		{
			"name": "Auth",
			"item": [
				{
					"name": "login",
					"request": {
						"method": "POST",
						"header": [
							{
								"key": "Accept",
								"value": "application/json",
								"type": "text"
							}
						],
						"body": {
							"mode": "raw",
							"raw": "{\n    \"email\": \"manager.user@mail.com\",\n    \"password\": \"Pandora11\"\n}",
							"options": {
								"raw": {
									"language": "json"
								}
							}
						},
						"url": {
							"raw": "{{URL}}/api/v1/login",
							"host": [
								"{{URL}}"
							],
							"path": [
								"api",
								"v1",
								"login"
							]
						}
					},
					"response": []
				},
				{
					"name": "Logout",
					"protocolProfileBehavior": {
						"disableBodyPruning": true
					},
					"request": {
						"auth": {
							"type": "bearer",
							"bearer": [
								{
									"key": "token",
									"value": "{{TOKEN}}",
									"type": "string"
								}
							]
						},
						"method": "GET",
						"header": [
							{
								"key": "Accept",
								"value": "application/json",
								"type": "text"
							}
						],
						"body": {
							"mode": "raw",
							"raw": "",
							"options": {
								"raw": {
									"language": "json"
								}
							}
						},
						"url": {
							"raw": "{{URL}}/api/v1/logout",
							"host": [
								"{{URL}}"
							],
							"path": [
								"api",
								"v1",
								"logout"
							]
						}
					},
					"response": []
				},
				{
					"name": "Check-User",
					"protocolProfileBehavior": {
						"disableBodyPruning": true
					},
					"request": {
						"auth": {
							"type": "bearer",
							"bearer": [
								{
									"key": "token",
									"value": "{{TOKEN}}",
									"type": "string"
								}
							]
						},
						"method": "GET",
						"header": [
							{
								"key": "Accept",
								"value": "application/json",
								"type": "text"
							},
							{
								"key": "connection",
								"value": "1",
								"type": "text"
							}
						],
						"body": {
							"mode": "raw",
							"raw": "",
							"options": {
								"raw": {
									"language": "json"
								}
							}
						},
						"url": {
							"raw": "{{URL}}/api/v1/check-user",
							"host": [
								"{{URL}}"
							],
							"path": [
								"api",
								"v1",
								"check-user"
							]
						}
					},
					"response": []
				},
				{
					"name": "Refresh-token",
					"protocolProfileBehavior": {
						"disableBodyPruning": true
					},
					"request": {
						"auth": {
							"type": "bearer",
							"bearer": [
								{
									"key": "token",
									"value": "{{TOKEN}}",
									"type": "string"
								}
							]
						},
						"method": "GET",
						"header": [
							{
								"key": "Accept",
								"value": "application/json",
								"type": "text"
							}
						],
						"body": {
							"mode": "raw",
							"raw": "",
							"options": {
								"raw": {
									"language": "json"
								}
							}
						},
						"url": {
							"raw": "{{URL}}/api/v1/refresh-token",
							"host": [
								"{{URL}}"
							],
							"path": [
								"api",
								"v1",
								"refresh-token"
							]
						}
					},
					"response": []
				}
			]
		},
		{
			"name": "Registration",
			"item": [
				{
					"name": "Reg-personal",
					"request": {
						"auth": {
							"type": "bearer",
							"bearer": [
								{
									"key": "token",
									"value": "{{TOKEN}}",
									"type": "string"
								}
							]
						},
						"method": "POST",
						"header": [
							{
								"key": "Accept",
								"value": "application/json",
								"type": "text"
							},
							{
								"key": "X-Connection-Id",
								"value": "1",
								"type": "text"
							}
						],
						"body": {
							"mode": "raw",
							"raw": "{\n    \"iin\": 103330300422,\n    \"email\": \"manager.user@mail.com\",\n    \"name\": \"Ержан\",\n    \"password\": \"Pandora11\",\n    \"position\": \"manager\",\n    \"phone\": \"87771002030\"\n}",
							"options": {
								"raw": {
									"language": "json"
								}
							}
						},
						"url": {
							"raw": "{{URL}}/api/v1/reg-personal",
							"host": [
								"{{URL}}"
							],
							"path": [
								"api",
								"v1",
								"reg-personal"
							]
						}
					},
					"response": []
				}
			]
		},
		{
			"name": "Client",
			"item": [
				{
					"name": "CRUD",
					"item": [
						{
							"name": "Clients/show",
							"protocolProfileBehavior": {
								"disableBodyPruning": true
							},
							"request": {
								"auth": {
									"type": "bearer",
									"bearer": [
										{
											"key": "token",
											"value": "{{TOKEN}}",
											"type": "string"
										}
									]
								},
								"method": "GET",
								"header": [
									{
										"key": "Accept",
										"value": "application/json",
										"type": "text"
									}
								],
								"body": {
									"mode": "raw",
									"raw": "{\n    \"iin\": \"020200300400\",\n    \"phone\": \"\"\n}",
									"options": {
										"raw": {
											"language": "json"
										}
									}
								},
								"url": {
									"raw": "{{URL}}/api/v1/clients/show",
									"host": [
										"{{URL}}"
									],
									"path": [
										"api",
										"v1",
										"clients",
										"show"
									]
								}
							},
							"response": []
						},
						{
							"name": "Client/create",
							"protocolProfileBehavior": {
								"disableBodyPruning": true
							},
							"request": {
								"auth": {
									"type": "bearer",
									"bearer": [
										{
											"key": "token",
											"value": "{{TOKEN}}",
											"type": "string"
										}
									]
								},
								"method": "GET",
								"header": [
									{
										"key": "Accept",
										"value": "application/json",
										"type": "text"
									}
								],
								"body": {
									"mode": "raw",
									"raw": "{\n    \"iin\": \"020200300400\",\n    \"email\": \"test.user@mail.com\",\n    \"name\": \"Алексей\",\n    \"surname\": \"Ан\",\n    \"lastname\": \"Витальевич\",\n    \"phone\": \"87771002030\"\n}",
									"options": {
										"raw": {
											"language": "json"
										}
									}
								},
								"url": {
									"raw": "{{URL}}/api/v1/clients/create",
									"host": [
										"{{URL}}"
									],
									"path": [
										"api",
										"v1",
										"clients",
										"create"
									]
								}
							},
							"response": []
						},
						{
							"name": "Client/update",
							"request": {
								"auth": {
									"type": "bearer",
									"bearer": [
										{
											"key": "token",
											"value": "{{TOKEN}}",
											"type": "string"
										}
									]
								},
								"method": "PATCH",
								"header": [
									{
										"key": "Accept",
										"value": "application/json",
										"type": "text"
									}
								],
								"body": {
									"mode": "raw",
									"raw": "{\n    \"id\": \"19\",\n    \"iin\": \"020200300333\",\n    \"email\": \"2.user@mail.com\",\n    \"name\": \"Bad\",\n    \"surname\": \"Boy\",\n    \"lastname\": \"Bikovsky\",\n    \"phone\": \"87771003333\"\n}",
									"options": {
										"raw": {
											"language": "json"
										}
									}
								},
								"url": {
									"raw": "{{URL}}/api/v1/clients/update",
									"host": [
										"{{URL}}"
									],
									"path": [
										"api",
										"v1",
										"clients",
										"update"
									]
								}
							},
							"response": []
						}
					]
				}
			]
		},
		{
			"name": "Orders",
			"item": [
				{
					"name": "CRUD",
					"item": [
						{
							"name": "Order/create",
							"protocolProfileBehavior": {
								"disableBodyPruning": true
							},
							"request": {
								"auth": {
									"type": "bearer",
									"bearer": [
										{
											"key": "token",
											"value": "{{TOKEN}}",
											"type": "string"
										}
									]
								},
								"method": "GET",
								"header": [],
								"body": {
									"mode": "raw",
									"raw": "{\n    \"client_id\": \"32\",\n    \"address\": \"11-11-11\",\n    \"date_end\": \"2023-11-11\",\n    \"type\": \"kitchen\",\n    \"sum\": \"1100021300\",\n    \"comment\": \"text\"\n}",
									"options": {
										"raw": {
											"language": "json"
										}
									}
								},
								"url": {
									"raw": "{{URL}}/api/v1/orders/create",
									"host": [
										"{{URL}}"
									],
									"path": [
										"api",
										"v1",
										"orders",
										"create"
									]
								}
							},
							"response": []
						},
						{
							"name": "Order/show",
							"protocolProfileBehavior": {
								"disableBodyPruning": true
							},
							"request": {
								"auth": {
									"type": "bearer",
									"bearer": [
										{
											"key": "token",
											"value": "{{TOKEN}}",
											"type": "string"
										}
									]
								},
								"method": "GET",
								"header": [],
								"body": {
									"mode": "raw",
									"raw": "{\n    \"id\": \"33\"\n}",
									"options": {
										"raw": {
											"language": "json"
										}
									}
								},
								"url": {
									"raw": "{{URL}}/api/v1/orders/show",
									"host": [
										"{{URL}}"
									],
									"path": [
										"api",
										"v1",
										"orders",
										"show"
									]
								}
							},
							"response": []
						},
						{
							"name": "Order/update",
							"request": {
								"auth": {
									"type": "bearer",
									"bearer": [
										{
											"key": "token",
											"value": "{{TOKEN}}",
											"type": "string"
										}
									]
								},
								"method": "PATCH",
								"header": [],
								"body": {
									"mode": "raw",
									"raw": "{\n    \"id\": \"6\",\n    \"address\": \"12-23-89\",\n    \"date_end\": \"2023-10-29\",\n    \"type\": \"kitchen\",\n    \"sum\": \"10220000\"\n}",
									"options": {
										"raw": {
											"language": "json"
										}
									}
								},
								"url": {
									"raw": "{{URL}}/api/v1/orders/update",
									"host": [
										"{{URL}}"
									],
									"path": [
										"api",
										"v1",
										"orders",
										"update"
									]
								}
							},
							"response": []
						},
						{
							"name": "Order/deleted",
							"request": {
								"auth": {
									"type": "bearer",
									"bearer": [
										{
											"key": "token",
											"value": "{{TOKEN}}",
											"type": "string"
										}
									]
								},
								"method": "DELETE",
								"header": [],
								"body": {
									"mode": "raw",
									"raw": "{\n    \"id\": \"30\"\n}",
									"options": {
										"raw": {
											"language": "json"
										}
									}
								},
								"url": {
									"raw": "{{URL}}/api/v1/orders/destroy",
									"host": [
										"{{URL}}"
									],
									"path": [
										"api",
										"v1",
										"orders",
										"destroy"
									]
								}
							},
							"response": []
						}
					]
				},
				{
					"name": "Job",
					"item": [
						{
							"name": "Factory",
							"item": [
								{
									"name": "Cards",
									"item": [
										{
											"name": "Factory/card/add",
											"request": {
												"auth": {
													"type": "bearer",
													"bearer": [
														{
															"key": "token",
															"value": "{{TOKEN}}",
															"type": "string"
														}
													]
												},
												"method": "POST",
												"header": [
													{
														"key": "Accept",
														"value": "application/json",
														"type": "text"
													},
													{
														"key": "X-Connection-Id",
														"value": "1",
														"type": "text"
													}
												],
												"body": {
													"mode": "raw",
													"raw": "{\n    \"order_id\": \"153\",\n    \"position\": \"sawyer\"\n}",
													"options": {
														"raw": {
															"language": "json"
														}
													}
												},
												"url": {
													"raw": "{{URL}}/api/v1/factory/card",
													"host": [
														"{{URL}}"
													],
													"path": [
														"api",
														"v1",
														"factory",
														"card"
													]
												}
											},
											"response": []
										},
										{
											"name": "Factory/card/deleted",
											"request": {
												"auth": {
													"type": "bearer",
													"bearer": [
														{
															"key": "token",
															"value": "{{TOKEN}}",
															"type": "string"
														}
													]
												},
												"method": "DELETE",
												"header": [
													{
														"key": "X-Connection-Id",
														"value": "1",
														"type": "text"
													}
												],
												"body": {
													"mode": "raw",
													"raw": "",
													"options": {
														"raw": {
															"language": "json"
														}
													}
												},
												"url": {
													"raw": "{{URL}}/api/v1/factory/card/16",
													"host": [
														"{{URL}}"
													],
													"path": [
														"api",
														"v1",
														"factory",
														"card",
														"16"
													]
												}
											},
											"response": []
										},
										{
											"name": "Drop/cards",
											"request": {
												"auth": {
													"type": "bearer",
													"bearer": [
														{
															"key": "token",
															"value": "{{TOKEN}}",
															"type": "string"
														}
													]
												},
												"method": "PATCH",
												"header": [
													{
														"key": "X-Connection-Id",
														"value": "1",
														"type": "text"
													}
												],
												"body": {
													"mode": "raw",
													"raw": "{\n    \"position\": \"design\"\n}",
													"options": {
														"raw": {
															"language": "json"
														}
													}
												},
												"url": {
													"raw": "{{URL}}/api/v1/factory/card/147",
													"host": [
														"{{URL}}"
													],
													"path": [
														"api",
														"v1",
														"factory",
														"card",
														"147"
													]
												}
											},
											"response": []
										},
										{
											"name": "Take/order",
											"request": {
												"auth": {
													"type": "bearer",
													"bearer": [
														{
															"key": "token",
															"value": "{{TOKEN}}",
															"type": "string"
														}
													]
												},
												"method": "POST",
												"header": [
													{
														"key": "X-Connection-Id",
														"value": "1",
														"type": "text"
													}
												],
												"body": {
													"mode": "raw",
													"raw": "{\n    \"id\": \"147\",\n    \"position\": \"design\"\n}",
													"options": {
														"raw": {
															"language": "json"
														}
													}
												},
												"url": {
													"raw": "{{URL}}/api/v1/office/take/order",
													"host": [
														"{{URL}}"
													],
													"path": [
														"api",
														"v1",
														"office",
														"take",
														"order"
													]
												}
											},
											"response": []
										},
										{
											"name": "Submitted/order/jobs",
											"request": {
												"auth": {
													"type": "bearer",
													"bearer": [
														{
															"key": "token",
															"value": "{{TOKEN}}",
															"type": "string"
														}
													]
												},
												"method": "POST",
												"header": [
													{
														"key": "X-Connection-Id",
														"value": "1",
														"type": "text"
													}
												],
												"body": {
													"mode": "raw",
													"raw": "{\n    \"id\": \"16\",\n    \"position\": \"sawyer\"\n}",
													"options": {
														"raw": {
															"language": "json"
														}
													}
												},
												"url": {
													"raw": "{{URL}}/api/v1/office/submitted/order",
													"host": [
														"{{URL}}"
													],
													"path": [
														"api",
														"v1",
														"office",
														"submitted",
														"order"
													]
												}
											},
											"response": []
										},
										{
											"name": "Cancel/oredr",
											"request": {
												"auth": {
													"type": "bearer",
													"bearer": [
														{
															"key": "token",
															"value": "{{TOKEN}}",
															"type": "string"
														}
													]
												},
												"method": "POST",
												"header": [
													{
														"key": "X-Connection-Id",
														"value": "1",
														"type": "text"
													}
												],
												"body": {
													"mode": "raw",
													"raw": "{\n    \"id\": \"144\",\n    \"position\": \"technologists\"\n}",
													"options": {
														"raw": {
															"language": "json"
														}
													}
												},
												"url": {
													"raw": "{{URL}}/api/v1/office/cancel/order",
													"host": [
														"{{URL}}"
													],
													"path": [
														"api",
														"v1",
														"office",
														"cancel",
														"order"
													]
												}
											},
											"response": []
										},
										{
											"name": "Get/position",
											"protocolProfileBehavior": {
												"disableBodyPruning": true
											},
											"request": {
												"auth": {
													"type": "bearer",
													"bearer": [
														{
															"key": "token",
															"value": "{{TOKEN}}",
															"type": "string"
														}
													]
												},
												"method": "GET",
												"header": [
													{
														"key": "Accept",
														"value": "application/json",
														"type": "text"
													},
													{
														"key": "X-Connection-Id",
														"value": "1",
														"type": "text"
													}
												],
												"body": {
													"mode": "raw",
													"raw": "",
													"options": {
														"raw": {
															"language": "json"
														}
													}
												},
												"url": {
													"raw": "{{URL}}/api/v1/factory/position",
													"host": [
														"{{URL}}"
													],
													"path": [
														"api",
														"v1",
														"factory",
														"position"
													]
												}
											},
											"response": []
										}
									],
									"description": "Создание новых карт для принятия заказа работником цеха"
								}
							]
						}
					]
				},
				{
					"name": "Files",
					"item": [
						{
							"name": "Files/save",
							"request": {
								"auth": {
									"type": "bearer",
									"bearer": [
										{
											"key": "token",
											"value": "{{TOKEN}}",
											"type": "string"
										}
									]
								},
								"method": "POST",
								"header": [
									{
										"key": "Accept",
										"value": "application/json",
										"type": "text"
									},
									{
										"key": "X-Connection-Id",
										"value": "1",
										"type": "text"
									}
								],
								"body": {
									"mode": "formdata",
									"formdata": [
										{
											"key": "file0",
											"type": "file",
											"src": "/Users/alex/Downloads/pass_KZAS12010024(4).xlsx"
										},
										{
											"key": "file2",
											"type": "file",
											"src": "/Users/alex/Downloads/food(12).xlsx"
										},
										{
											"key": "file1",
											"type": "file",
											"src": "/Users/alex/Downloads/orders.sql"
										},
										{
											"key": "id",
											"value": "147",
											"type": "text"
										},
										{
											"key": "dir",
											"value": "design",
											"type": "text"
										}
									]
								},
								"url": {
									"raw": "{{URL}}/api/v1/file/save",
									"host": [
										"{{URL}}"
									],
									"path": [
										"api",
										"v1",
										"file",
										"save"
									]
								}
							},
							"response": []
						},
						{
							"name": "Files/update",
							"request": {
								"auth": {
									"type": "bearer",
									"bearer": [
										{
											"key": "token",
											"value": "{{TOKEN}}",
											"type": "string"
										}
									]
								},
								"method": "POST",
								"header": [
									{
										"key": "Accept",
										"value": "application/json",
										"type": "text"
									},
									{
										"key": "X-Connection-Id",
										"value": "1",
										"type": "text"
									}
								],
								"body": {
									"mode": "formdata",
									"formdata": [
										{
											"key": "file0",
											"type": "file",
											"src": "/Users/alex/Downloads/clients.sql"
										},
										{
											"key": "file1",
											"type": "file",
											"src": "/Users/alex/Downloads/pass_KZAS12010024(1).xlsx"
										},
										{
											"key": "dir",
											"value": "design",
											"type": "text"
										},
										{
											"key": "id",
											"value": "147",
											"type": "text"
										}
									]
								},
								"url": {
									"raw": "{{URL}}/api/v1/file/update",
									"host": [
										"{{URL}}"
									],
									"path": [
										"api",
										"v1",
										"file",
										"update"
									]
								}
							},
							"response": []
						},
						{
							"name": "Files/deleted",
							"protocolProfileBehavior": {
								"disableBodyPruning": true
							},
							"request": {
								"auth": {
									"type": "bearer",
									"bearer": [
										{
											"key": "token",
											"value": "{{TOKEN}}",
											"type": "string"
										}
									]
								},
								"method": "GET",
								"header": [
									{
										"key": "X-Connection-Id",
										"value": "1",
										"type": "text"
									}
								],
								"body": {
									"mode": "raw",
									"raw": "{\n    // \"dir\": \"technologists\",\n    // \"dir\": \"metrings\",\n    \"dir\": \"design\",\n    \"id\": \"147\"\n}",
									"options": {
										"raw": {
											"language": "json"
										}
									}
								},
								"url": {
									"raw": "{{URL}}/api/v1/file/deleted",
									"host": [
										"{{URL}}"
									],
									"path": [
										"api",
										"v1",
										"file",
										"deleted"
									]
								}
							},
							"response": []
						}
					]
				},
				{
					"name": "Orders/list",
					"request": {
						"auth": {
							"type": "bearer",
							"bearer": [
								{
									"key": "token",
									"value": "{{TOKEN}}",
									"type": "string"
								}
							]
						},
						"method": "POST",
						"header": [
							{
								"key": "X-Connection-Id",
								"value": "1",
								"type": "text"
							}
						],
						"body": {
							"mode": "raw",
							"raw": "{\n    \"search\": \"\",\n    \"status\": \"1\", // 1/2/3...\n    \"sort\": \"\", // name column sort\n    \"asc\": \"1\", // 1/0\n    \"count\": \"5\",\n    \"page\": 1\n}",
							"options": {
								"raw": {
									"language": "json"
								}
							}
						},
						"url": {
							"raw": "{{URL}}/api/v1/orders/list",
							"host": [
								"{{URL}}"
							],
							"path": [
								"api",
								"v1",
								"orders",
								"list"
							]
						}
					},
					"response": []
				},
				{
					"name": "Orders/list/positions",
					"request": {
						"auth": {
							"type": "bearer",
							"bearer": [
								{
									"key": "token",
									"value": "{{TOKEN}}",
									"type": "string"
								}
							]
						},
						"method": "POST",
						"header": [
							{
								"key": "X-Connection-Id",
								"value": "1",
								"type": "text"
							}
						],
						"body": {
							"mode": "raw",
							"raw": "{\n    \"search\": \"\", // \n    \"position\": \"metrings\", // metrings, design, technologists, sawyer, painting...\n    \"position_status\": \"2\", // 0,1,2\n    \"sort\": \"\", // name column sort\n    \"asc\": \"1\", // 1/0\n    \"count\": \"3\",\n    \"page\": 1\n}",
							"options": {
								"raw": {
									"language": "json"
								}
							}
						},
						"url": {
							"raw": "{{URL}}/api/v1/orders/list/position",
							"host": [
								"{{URL}}"
							],
							"path": [
								"api",
								"v1",
								"orders",
								"list",
								"position"
							]
						}
					},
					"response": []
				},
				{
					"name": "Orders/type",
					"protocolProfileBehavior": {
						"disableBodyPruning": true
					},
					"request": {
						"auth": {
							"type": "bearer",
							"bearer": [
								{
									"key": "token",
									"value": "{{TOKEN}}",
									"type": "string"
								}
							]
						},
						"method": "GET",
						"header": [
							{
								"key": "X-Connection-Id",
								"value": "1",
								"type": "text"
							}
						],
						"body": {
							"mode": "raw",
							"raw": "",
							"options": {
								"raw": {
									"language": "json"
								}
							}
						},
						"url": {
							"raw": "{{URL}}/api/v1/orders/type",
							"host": [
								"{{URL}}"
							],
							"path": [
								"api",
								"v1",
								"orders",
								"type"
							]
						}
					},
					"response": []
				},
				{
					"name": "Orders/postitons",
					"protocolProfileBehavior": {
						"disableBodyPruning": true
					},
					"request": {
						"auth": {
							"type": "bearer",
							"bearer": [
								{
									"key": "token",
									"value": "{{TOKEN}}",
									"type": "string"
								}
							]
						},
						"method": "GET",
						"header": [
							{
								"key": "Accept",
								"value": "application/json",
								"type": "text"
							},
							{
								"key": "X-Connection-Id",
								"value": "1",
								"type": "text"
							}
						],
						"body": {
							"mode": "raw",
							"raw": "{\n    \"id\": \"153\"\n}",
							"options": {
								"raw": {
									"language": "json"
								}
							}
						},
						"url": {
							"raw": "{{URL}}/api/v1/orders/positions",
							"host": [
								"{{URL}}"
							],
							"path": [
								"api",
								"v1",
								"orders",
								"positions"
							]
						}
					},
					"response": []
				}
			]
		},
		{
			"name": "test",
			"item": [
				{
					"name": "Custom_migrate mass",
					"protocolProfileBehavior": {
						"disableBodyPruning": true
					},
					"request": {
						"method": "GET",
						"header": [],
						"body": {
							"mode": "raw",
							"raw": "{\n    \"table_name\": \"user_role\"\n}",
							"options": {
								"raw": {
									"language": "json"
								}
							}
						},
						"url": {
							"raw": "{{URL}}/api/test",
							"host": [
								"{{URL}}"
							],
							"path": [
								"api",
								"test"
							]
						}
					},
					"response": []
				},
				{
					"name": "Custom_migrate table name",
					"protocolProfileBehavior": {
						"disableBodyPruning": true
					},
					"request": {
						"method": "GET",
						"header": [],
						"body": {
							"mode": "raw",
							"raw": "{\n    \"table_name\": \"user_role\"\n}",
							"options": {
								"raw": {
									"language": "json"
								}
							}
						},
						"url": {
							"raw": "{{URL}}/api/test",
							"host": [
								"{{URL}}"
							],
							"path": [
								"api",
								"test"
							]
						}
					},
					"response": []
				},
				{
					"name": "test/tenant",
					"request": {
						"auth": {
							"type": "bearer",
							"bearer": [
								{
									"key": "token",
									"value": "{{TOKEN}}",
									"type": "string"
								}
							]
						},
						"method": "POST",
						"header": [
							{
								"key": "X-Connection-Id",
								"value": "2",
								"type": "text"
							}
						],
						"body": {
							"mode": "raw",
							"raw": "{\n    \"search\": \"\",\n    \"status\": \"0\",\n    \"page\": \"1\",\n    \"sort\": \"\",\n    \"asc\": 0,\n    \"count\": \"3\",\n    \"position\": \"\",\n    \"position_status\": \"\"\n}",
							"options": {
								"raw": {
									"language": "json"
								}
							}
						},
						"url": {
							"raw": "{{URL}}/api/v1/test/index",
							"host": [
								"{{URL}}"
							],
							"path": [
								"api",
								"v1",
								"test",
								"index"
							]
						}
					},
					"response": []
				}
			]
		},
		{
			"name": "Admin",
			"item": [
				{
					"name": "Position",
					"item": [
						{
							"name": "Add/position",
							"request": {
								"auth": {
									"type": "bearer",
									"bearer": [
										{
											"key": "token",
											"value": "{{TOKEN}}",
											"type": "string"
										}
									]
								},
								"method": "POST",
								"header": [
									{
										"key": "Accept",
										"value": "application/json",
										"type": "text"
									},
									{
										"key": "X-Connection-Id",
										"value": "1",
										"type": "text"
									}
								],
								"body": {
									"mode": "raw",
									"raw": "{\n    \"position\": \"sawyer\",\n    \"name\": \"Распил\"\n}",
									"options": {
										"raw": {
											"language": "json"
										}
									}
								},
								"url": {
									"raw": "{{URL}}/api/v1/factory/position",
									"host": [
										"{{URL}}"
									],
									"path": [
										"api",
										"v1",
										"factory",
										"position"
									]
								}
							},
							"response": []
						},
						{
							"name": "Get/position",
							"protocolProfileBehavior": {
								"disableBodyPruning": true
							},
							"request": {
								"auth": {
									"type": "bearer",
									"bearer": [
										{
											"key": "token",
											"value": "{{TOKEN}}",
											"type": "string"
										}
									]
								},
								"method": "GET",
								"header": [
									{
										"key": "Accept",
										"value": "application/json",
										"type": "text"
									},
									{
										"key": "X-Connection-Id",
										"value": "1",
										"type": "text"
									}
								],
								"body": {
									"mode": "raw",
									"raw": "",
									"options": {
										"raw": {
											"language": "json"
										}
									}
								},
								"url": {
									"raw": "{{URL}}/api/v1/factory/position",
									"host": [
										"{{URL}}"
									],
									"path": [
										"api",
										"v1",
										"factory",
										"position"
									]
								}
							},
							"response": []
						},
						{
							"name": "Delete/position",
							"request": {
								"auth": {
									"type": "bearer",
									"bearer": [
										{
											"key": "token",
											"value": "{{TOKEN}}",
											"type": "string"
										}
									]
								},
								"method": "DELETE",
								"header": [
									{
										"key": "Accept",
										"value": "application/json",
										"type": "text"
									}
								],
								"body": {
									"mode": "raw",
									"raw": "",
									"options": {
										"raw": {
											"language": "json"
										}
									}
								},
								"url": {
									"raw": "{{URL}}/api/v1/factory/position/18",
									"host": [
										"{{URL}}"
									],
									"path": [
										"api",
										"v1",
										"factory",
										"position",
										"18"
									]
								}
							},
							"response": []
						}
					],
					"description": "Создание новых позиций для цеха"
				}
			]
		},
		{
			"name": "SuperAdmin",
			"item": [
				{
					"name": "Add/New/Company",
					"request": {
						"auth": {
							"type": "bearer",
							"bearer": [
								{
									"key": "token",
									"value": "{{TOKEN}}",
									"type": "string"
								}
							]
						},
						"method": "POST",
						"header": [
							{
								"key": "Accept",
								"value": "application/json",
								"type": "text"
							}
						],
						"body": {
							"mode": "raw",
							"raw": "{\n    \"position\": \"sawyer\",\n    \"name\": \"Распил\"\n}",
							"options": {
								"raw": {
									"language": "json"
								}
							}
						},
						"url": {
							"raw": "{{URL}}/api/v1/factory/position",
							"host": [
								"{{URL}}"
							],
							"path": [
								"api",
								"v1",
								"factory",
								"position"
							]
						}
					},
					"response": []
				}
			]
		}
	],
	"event": [
		{
			"listen": "prerequest",
			"script": {
				"type": "text/javascript",
				"exec": [
					""
				]
			}
		},
		{
			"listen": "test",
			"script": {
				"type": "text/javascript",
				"exec": [
					""
				]
			}
		}
	],
	"variable": [
		{
			"key": "URL",
			"value": "work",
			"type": "string",
			"disabled": true
		},
		{
			"key": "URL",
			"value": "home",
			"type": "string"
		},
		{
			"key": "TOKEN",
			"value": "token",
			"type": "string"
		},
		{
			"key": "URL",
			"value": "phone",
			"type": "string",
			"disabled": true
		},
		{
			"key": "URL1",
			"value": "",
			"type": "string",
			"disabled": true
		},
		{
			"key": "URL2",
			"value": "",
			"type": "string",
			"disabled": true
		}
	]
}